"","Permanent_","elevation_est","area_ha","mdep","meandep","sec","trend","lat","lon"
"1","89364195",506.15261228231,78.1,5.8,2.2,2,-0.0321034572341226,43.7892693661303,-74.260099623913
"2","47721350",518.111793611794,116,18.9,10.2,3.2,-0.0562745138766274,43.4890387665415,-74.454698764049
"3","53541987",571.026263627354,43.6,14.6,5.4,8,-0.00624936464286985,43.1946172382986,-74.550897348423
"4","53542063",542.12,12.2,5.8,1.7,3.1,-0.0150446736967409,43.1804254678568,-74.4612915486504
"5","47724367",356.228632478633,16.9,9.1,3.3,4.1,-0.00566950539747875,43.3159864463309,-74.1936527542759
"6","53542293",469.934633664589,361,8.5,3.4,2.25,-0.0270972810309343,43.1651200898912,-74.5311393273738
"7","53539961",718.018742442564,35.83,10.1,4.9,2.7,-0.0601494121713703,43.5860058230012,-74.6305867481562
"8","47722327",565.270808056297,60.4,13.8422525030557,4.62323515999999,5.35,-0.053498083940058,43.4319093108489,-74.3885030414466
"9","53541731",528.91791391652,78.2,14,3.6,7,-0.0446612354457249,43.2397025991733,-74.5797021959487
"10","89363973",494.268939393939,15.1,8.5,2.8,2.2,-0.00504966058901376,43.818660345645,-74.2841123939402
"11","89363491",516.229620145113,68.52,16.5,7.6,4.55,-0.0257732651814693,43.8702597335284,-73.9775965154613
"12","47726449",441.113537117904,28.1,7.9,4.4,3.1,-0.0393678497786474,43.2169514547324,-74.3590378506619
"13","89364879",510.289229550854,131.5,14.9,6,6,-0.0375278011867494,43.70388649886,-74.1272520936712
"14","89365257",289.862704532631,37.9,9.8,4.4,3.2,-0.0344271004199982,43.6488468282729,-73.7359870411139
"15","53541845",503.974706012869,33.3,8.2,3.5,6.25,-0.0498222493167434,43.2267325475702,-74.517510028313
"16","47725761",377.034890838604,36.1,7.6,3.9,4.95,-0.00394211875067822,43.2668078714075,-73.9124241634842
"17","47719631",567.221498371336,17,13.1,4.4,7.8,-0.0369854901260112,43.6405060152857,-74.289519205692
"18","47722841",505.071909676794,154.6,9.1,5.1,4.7,-0.0453690428792695,43.3960978834901,-74.51799614384
"19","53540953",653.001618122977,17.7,8.5,2.5,3.3,-0.0466461511758658,43.34728921713,-74.7126886108525
"20","47726265",705.202702702703,9.8,5.8,1.5,5.5,-0.0493259051671395,43.2353082922179,-74.4524706907406
"21","53542025",602.02558519325,13,8.2,2.5,6.4,-0.0433148609267341,43.1862607153546,-74.4805855289626
"22","53542311",442.047463999194,223.7,22.6,8.8,4.5,-0.00148555687050411,43.1330791973521,-74.4896906416731
"23","89363943",596.420480668757,33.48,7.36762248093467,2.87465791999999,2.65,-0.0607153649453993,43.8201480423724,-74.4157626376163
"24","47724837",692.309887869521,13.7,10.4964869197117,3.55074732,7.75,-0.0637321975082159,43.3033189433204,-74.4947623859912
"25","47723853",449.06220767072,15.42,11.3,5.5,3.9,-0.0212666279929025,43.339441508517,-74.2179470706491
"26","89365151",264.114798206278,212.5,10.7,5.89299335999999,5,0.00207431904143759,43.6787227120755,-73.8557278277809
"27","89365755",689.074123097287,10.6,7.6,2.7,2.1,-0.0200407111218998,43.5454275559329,-74.5633418403704
"28","47722049",675.108220603538,13.7,11,4.1,11,-0.00984253787031086,43.4431225588399,-74.0606021832779
"29","89365619",321.069495245062,9.4,8.8,4,3.55,0.0132657945156097,43.5645796408765,-73.7695664897108
"30","53540621",752.137859007833,42.4,10.7,3.6,6.95,-0.065909499844546,43.4310989994451,-74.7248280435597
"31","53542099",470.097122302158,18.4,15.8,6,7.25,-0.023844536807802,43.1758427266531,-74.5066340974345
"32","47727445",399.031009080007,42.9,10.197105671449,3.75657383999999,1.8,0.000999857319725924,43.1437556364423,-74.2817111776728
"33","89362629",375.232030264817,16.6,9.8,5,4.1,0.0045377030968666,43.9756320641295,-73.6794224761378
"34","89364181",531.270731707317,8.5,9.1,2.4,3.6,-0.0262742676432171,43.7939518532486,-74.1473668536417
"35","89363427",636.589609483961,20.3,10.7,2.9,3.15,-0.0352152121754793,43.8752071472701,-74.0831042507018
"36","89364809",246.314312886353,15.3,10.7,4,5.2,-0.0254954814910889,43.7099460521958,-73.8002648888423
"37","89365353",327.116168800379,13.45,5.95425089910833,1.96424784,0.55,0.00243878364562988,43.6329109347349,-73.8178920996949
"38","53541189",575.039730134932,9.2,7.9,3,4.3,-0.0575397776232826,43.3140252974602,-74.7936448176092
"39","89361867",843.403879310345,15.9,7.3,2.3,5.93333333333333,-0.068813077041081,44.1228812606298,-73.9793046572468
"40","89363715",485.059890753024,36.19,23.8,7.8,5.2,-0.0299382967608315,43.8472147006272,-74.2492569402087
"41","47719747",569.103407290016,17.6,5.63847853634733,2.48987326,3.5,-0.047849995248458,43.6311521054744,-74.3019534048529
"42","89366265",194.199454483464,20.5,11.5,3.72042951999999,2.3,-0.00571600943971025,43.3576715271319,-73.8246423300905
"43","89362251",369.065249266862,9.2,8.2,2.8,2,-0.00639186424462974,44.0247251679215,-73.6475622560771
"44","47722741",442.003881793138,59,15.2,5.5,2.7,-0.0166421969731649,43.4016889680478,-74.1503220335364
"45","47724773",598.981447124304,18.9,11.3,4.5,9.4,-0.0362719609623864,43.3032072181076,-74.5939466160817
"46","47725041",632.211949114039,32.4,9.5,3.79910324,7.2,-0.0365127680594461,43.2944596146738,-74.4291699161581
"47","89364113",492.043111527648,14.8,14.3,3.5,1.5,-0.0169635765136234,43.8016520203826,-74.1275357953171
"48","89364755",251.180151823736,39.9,13.4,5.7,5.45,-0.000171972172600787,43.7182342013231,-73.7690118274654
"49","89362611",551.994892747702,28.3,6.1,3.7,3.35,-0.0562977353731791,43.9808774850915,-74.0109502131045
"50","53539935",752.147130547878,44.6,12.2,3.9,4.2,-0.0392776387078422,43.5888364223013,-74.5635975497106
"51","89365529",548.496833333333,42.3,5.5,2.8,4.65,-0.0189910938342412,43.5966765364072,-74.4215412611452
"52","47722801",301.163393230255,104.9,8.94306436564633,3.46470907999999,1.5,-0.00875905831145426,43.3962011984926,-74.2931457005512
"53","89363463",375.368328574566,31.8,12.640480038982,5.25807287999999,8.35,-0.026543256072771,43.8625448998626,-73.6040705380518
"54","53541369",610.057682223387,13.6,7.3,1.5,3.6,-0.073053906361262,43.2910174760559,-74.7443042052324
"55","53540109",725.00345915149,72.3,11.714455816375,4.56035303999999,7.6,-0.0841690288210402,43.5334416745056,-74.6116862248707
"56","89361945",388.088639200999,10.5,13.1,4.8,2.35,-0.0243160486221314,44.0793953934929,-73.5944366261086
"57","89363513",488.127954617082,115.4,24.4,6.3,3.8,-0.0348475674704183,43.8755889102444,-74.2527607065999
"58","53541203",527.000602137588,48.8,7,3.6,3.4,-0.060694715478918,43.3070096819601,-74.6311564975184
"59","89361951",553.742254490831,113.9,21.9,6.1,4.95,-0.0409932055643627,44.0916564339873,-74.0670281499545
"60","47720316",640.056612118532,16.2,11,3.2,3,-0.0377174562878079,43.5729464411751,-74.0798173877651
"61","89364705",333.060946271051,8.8,8.5,4.2,1.2,-0.00529868347304209,43.7248038859595,-73.9351448750211
"62","89362525",514.09713187463,49.04,7.9,2.8,4.72857142857143,-0.0579116042558249,43.9878612776841,-74.241699684739
"63","89362149",366.247297297297,10.4,18.9,6,2.9,-0.00302949746449777,44.0427114723833,-73.6263177526782
"64","89363809",381.54862745098,18,11.5,4.59392541999999,3.35,0.00182132809250445,43.8309707826926,-73.8097740409532
"65","47724117",553.679223072396,12,6.4,2.8,5.7,-0.0525567635893822,43.3280694504578,-74.5907976934857
"66","89363899",652.213691026827,14.9,7,1.5,2.2,-0.021404817700386,43.8277810251479,-74.4383676201205
"67","47719887",646.107722843739,40.4,24.1,8.5,5.4,-0.0477309392558204,43.6186882539773,-74.1837264657269
"68","47722387",538.905316824472,9.9,7,4.5,3,-0.0239950021107993,43.4233939547522,-74.1454985680762
"69","89363729",344.379330254042,11.1,8.2,2.1,2.4,0.00175588428974149,43.8381433183202,-73.6561768171603
"70","89362411",582.088888888889,71.8,24.4,9.2,8.45,-0.0545599453506016,43.9989439263886,-73.823752978711
"71","89365259",361.617727025557,13.1,5.2,2.8,2.3,0.034513125036444,43.6465114596053,-73.8697891518396
"72","131845645",535.132877752468,9.194069,6.4,3.8,4.35,-0.0435103495915731,43.6836630784117,-75.0410230690078
"73","131844003",615.081692195478,9.851306,10.7,4,5.5,-0.0541115880012512,43.8218872633019,-74.9301367147287
"74","131845260",379.265739494542,47.31,18.3,5.1,3.3,-0.0433591433933803,43.7589543296985,-75.3048440903045
"75","131841950",647.128491620112,8.737548,9.8,3.4,5.8,-0.0621977920885439,43.9352644700377,-75.0093397398169
"76","131845275",586.036004645761,5.867375,5.5,2.1,4.5,-0.0212761561075847,43.6705992675092,-74.7436195159033
"77","131845836",654.014155712841,35.47,10.7,3,3.6,-0.0591445972049048,43.6174328989968,-74.7558131147058
"78","131845875",376.127382309822,135.1,22.9,7.5,3.8,-0.0662658294041952,43.695349986819,-75.274375540691
"79","131844766",520.025638940101,831.4,20,10.4451923,4.5,-0.0484700556154604,43.755110779834,-74.8390398917707
"80","131845056",388.276843467012,5.149932,7.6,3,4.7,-0.062759290933609,43.7793657063927,-75.2680285821483
"81","131844130",556.114418107289,40.4,6.1,4.2,6.15,-0.0854119011334011,43.7911031623898,-74.8027796189408
"82","131842929",633.127035830619,17.1,5.8,1.7,4,-0.0707924510751452,43.847555583837,-74.7612357254092
"83","131844196",496.039177277179,7.210333,7.6,1.8,2,-0.0383295714855194,43.8432848532951,-75.1494187182092
"84","131845011",407.073795180723,28.9,6.1,2.6,3,-0.0710572038378034,43.7749604979176,-75.2153607725028
"85","131845584",755.005934718101,14.17,7.3,2.9,3.5,-0.0707863275210062,43.630929359702,-74.6855622079226
"86","131841213",549.053176952858,129.4,27.1,8.3,6.6,-0.0593005033100352,43.9586550189689,-74.6720640038048
"87","131844485",537.079284750337,19.93,6.1,2,2.2,-0.0232829930605712,43.7891566002181,-74.9106776973201
"88","131843989",545.003668510945,123.9,24.7,11.9,5.25,-0.0543641442000264,43.7790290686591,-74.7023465021247
"89","131843353",625.014129443938,15.47,9.1,1.9,6.73333333333333,-0.0411171012454562,43.8465103686165,-74.8763066895492
"90","131841333",613.023785078713,42.55,20.4,8.6,7.7,-0.102433000619595,43.9883866066786,-74.9204925055637
"91","131844943",524.025220680958,5.649722,17.7,5.9,3.2,-0.0608256720006466,43.7417693176277,-74.9626324315983
"92","131841916",613.042184557439,18.61,9.1,3.1,4.6,-0.0463104611351376,43.8873379814009,-74.7386676833925
"93","131845394",382.257499026101,18.48,7.9,3.7,1.3,-0.0335311107337475,43.7440375232354,-75.2646898595949
"94","131843375",603.118883792049,18.85,10.1,3.8,3,-0.0635659450139755,43.8288266088026,-74.7841122625845
"95","131843502",641.06508135169,23.2,18.3,5.7,11.5,-0.0623400353250049,43.8439703073207,-74.9123455490041
"96","131844892",383.011608623549,4.202611,9.1,4,3,-0.0765270636631892,43.797862528439,-75.281378631203
"97","131846357",541.065162907268,8.347965,9.1,4.9,3.4,-0.091686142815484,43.5921825218057,-75.0863149200437
"98","131844150",536.052154781933,56.59,17.7,7.3,4.15,-0.066068478605964,43.7960391321454,-74.8626780564286
"99","131842030",570.04240817872,18.33,7,2.1,4,-0.0637777798316058,43.9418477343869,-75.0735500546813
"100","131841253",561.146729776248,50.32,26.8,7.6,3.4,-0.0466213413647243,43.9935061639647,-74.8749289739198
"101","131844924",383.021113243762,7.18869,6.7,3.1,3,-0.0392469024658203,43.7952606626152,-75.2903309439987
"102","131844242",607.091940056703,35.83,24.4,6.1,5.15,-0.0599306078402551,43.7688104151372,-74.7297395697248
"103","131841591",513.036956949086,37.13,6.4,2.8,3.6,-0.0590928326712715,43.9358445351573,-74.8809492840771
"104","131846595",435.197980393602,99.14,22.9,7.6,6.3,-0.0542976773146427,43.5440799398318,-75.1494511445467
"105","131844813",529.004444444444,4.607186,17.7,8,4.85,-0.0615061081591107,43.7515286097012,-74.9263607720176
"106","131845039",877.164167324388,9.03085,8.5,1.1,4.5,-0.0420958081881206,43.6709653812685,-74.5951226847124
"107","131842163",498.296914623838,34.4,6.1,2.6,2,-0.0426792530786423,43.9485152761915,-75.1596937765943
"108","131845282",386.121364092277,6.996225,13.7,5.1,3.6,-0.066391045493739,43.7560903176554,-75.2781018866596
"109","131841480",600.111948331539,6.365419,7.6,3.2,6,-0.0298902256148202,43.960491340041,-74.9401734389878
"110","131846006",702.025246548323,18.21,6.4,2.6,6,-0.0362736831108729,43.5998064237583,-74.8190031210537
"111","131842330",534.179508538109,17.19,11.9,3,5.8,-0.0852894494821737,43.9141379462687,-75.0036135013385
"112","131841634",525.033282390898,42.79,15.2,7.2,4.6,-0.0621652650454688,43.9463436974345,-74.9401448022382
"113","131841705",611.063602700937,33.32,11.9,4.5,3.3,-0.0774716292108808,43.9469427046333,-75.0186955114739
"114","131845292",585.273591310251,10.45,22.2,4.9,6,-0.0536664255239345,43.6706937339944,-74.7498110969269
"115","131842946",659.012110726644,7.965497,5.2,1.8,1.5,-0.0395256231992672,43.8575947366074,-74.8461496490681
"116","131845717",529.094852047021,17.23,11,3.4,5,-0.0618323474018662,43.684730946803,-75.0977925022013
"117","131843773",569.236917221694,14.44,13.7,5.1,2.2,-0.0531499336163203,43.8501163279279,-75.0432319750267
"118","131844770",525.031596452328,12.96,7,4.3,4.45,-0.0574393449407636,43.7560949345556,-74.9206269040313
"119","131845583",497.134480337079,20.21,5.2,2.1,1.8,-0.0523127926720513,43.7017485008581,-75.098315031178
"120","131844984",575.015116141031,188,21.9,6.1,8,-0.067287146128141,43.7125624249194,-74.7995168406887
"121","131841894",594.173662361624,30.43,15.2,7.2,2.8,-0.112737240110125,43.9382365958723,-75.0516146446319
"122","131841662",626.917381137958,8.5393,6.1,1.5,2.5,-0.0363083393485458,43.9472773724299,-74.997117136673
"123","131845683",796.042954426401,13.59,21.3,8.1,8.03333333333333,-0.0661665146691458,43.6186785819409,-74.6624670098958
"124","131846760",501.012830793905,8.171153,5.2,1.4,2.15,-0.0225509541375296,43.4956022337699,-75.0498895248583
"125","131841454",532.061038011696,39.11,8.8,3.8,3.1,-0.0800039340288211,43.9650738906282,-74.9176128976754
"126","167298321",557.072877965133,23.97,7.6,3.1,6.5,-0.0388342033302973,43.7405844733227,-75.0485697980034
"127","131844064",579.272068230277,15.91,5.2,1.5,2.7,-0.0120535888233963,43.8113077671479,-74.8791360202246
"128","131845641",646.041129744042,41.23,6.7,3.4,3.1,-0.0804503254401378,43.6333110033683,-74.7390784786411
"129","131846667",389.132221318145,16.38,5.2,1.6,1.3,-0.05064974156293,43.5510223535308,-75.2162659205512
"130","131844377",536.049977351653,48.7,15.2,5.7,4.1,-0.0588360048002667,43.7853688477568,-74.8500538372589
"131","131844565",378.448193295603,33.67,13.7,6.6,8,-0.00711257259051012,43.8389740976371,-75.2751625429714
"132","131845552",789.815151515152,4.484433,7.6,2.7,2.6,-0.0563592570168632,43.6298092576664,-74.6529793092545
"133","131841497",607.506532288167,19.34,10.4,3.4,5.6,-0.0237233037986453,43.9290621784797,-74.7823858520719
"134","131845625",516.062193126023,4.127575,5.5,2.8,2.8,-0.0592404406517744,43.692999174016,-75.0820705325141
"135","131841520",645.071103008204,15.4,11.6,4.5,3.2,-0.0683344783527511,43.9568015353883,-74.9593071326827
"136","131845828",724.047403039238,32.13,23.2,8.4,7,-0.0644388291984797,43.6032690800672,-74.6627304766665
"137","131846712",428.176430517711,21.54,24.4,8.2,6.5,-0.0355672606400081,43.5314591899484,-75.18030912995
"138","131845587",547.033063923586,9.646139,5.2,1.5,3,-0.0527190887011015,43.6924945466604,-75.0613613780183
"139","131846580",555.048108108108,174.9,17.7,5.7,2.3,-0.0615389049053192,43.5383223548104,-74.9279937869367
"140","131846550",447.380295566502,64.47,10.7,2.7,3.2,-0.0412537205786933,43.5597384951072,-75.1515859642133
"141","131842166",544.135161606268,6.998521,16.8,5.6,4,-0.0494978713989258,43.9204018267011,-74.9937798808008
"142","131844637",544.105035088392,384.9,11.6,3.8,6.25,-0.0459681167885975,43.7468521098475,-74.7431532412169
"143","131845689",533.093052899936,10.95,6.4,2.9,3.25,-0.0501782735188802,43.681683297606,-75.0522399442218
"144","131844681",390.384828862165,7.200874,6.1,2.6,2.5,-0.0278012136212822,43.8193600679583,-75.253236518504
"145","131841855",590.034482758621,4.262099,6.7,2.5,2.2,-0.011161113920666,43.9353351990834,-74.9971321326998
"146","131846637",485.070073644276,32.84,7.6,2.7,3.2,-0.039421487847964,43.5273521698531,-75.0457737989861
"147","131846117",772.033088235294,5.650095,6.7,1.7,2.3,-0.0851262405514717,43.5785218034086,-74.8007048766624
"148","131841276",631.043525571273,6.381696,9.1,4.7,5,-0.0769306669632594,43.9926578521392,-74.9240941503174
"149","131846001",539.208688245315,16.35,7.9,2.9,1.9,-0.046146768790025,43.6456378756026,-75.0877314817858
"150","131841391",544.113428006471,80.87,13.3040906866563,5.29152059999999,5.3,-0.0657935492197672,43.9661296260396,-74.8715430796729
"151","131844719",524.16582076062,100.5,10.1,3,5.05,-0.0550169706344604,43.7669582500784,-74.9014934343476
"152","131845402",483.065075763121,99.42,7.8,2.2,1.4,-0.0532678882280985,43.7292875559398,-75.1070923973813
"153","131841654",579.178262846749,31.95,7.6,2.9,2,-0.0686949968338013,43.9164814544929,-74.7805959773343
"154","131843856",556.032546882656,499.1,21.3,6.8,6,-0.0750709548592567,43.8309301174384,-74.8482619599282
"155","131843424",672.273224043716,6.296337,10.7,3.7,4.5,-0.0614042691886425,43.8497873139596,-74.9197173978875
"156","131841905",621.204081632653,4.701029,7.9,3,3,-0.0446764240017185,43.8917376463502,-74.7388349694074
"157","131841405",598.036924015868,23.74,17.1,6.8,6,-0.0361723701159159,43.9324181723992,-74.6938466029658
"158","131843613",579.117092119867,12.97,5.2,3.2,4.5,-0.0469265143076579,43.8224236324318,-74.814657874065
"159","131843281",500.109347035391,124.4,22.9,5.8,3.3,-0.0646113959642557,43.8921868877451,-75.0881751320495
"160","131843383",625.05085586703,57.77,10.4,3.1,3.4,-0.049569464542649,43.8500568594798,-74.8852694295904
"161","131846408",497.265228426396,5.539521,5.2,2.3,2.85,-0.0545305874612596,43.5974370865789,-75.1424995530979
"162","131846008",771.89375,4.575072,8.2,2.7,3.7,-0.0522217084964116,43.5789232896957,-74.6832374151637
"163","131842319",610.224144144144,19.57,18,6.4,5,-0.0606197416782379,43.9183392872512,-75.0159538798833
"164","131845417",381.081125827815,8.728091,9.1,5.4,5.4,-0.0180576430426703,43.7464454203828,-75.2881506646291
"165","131842322",586.098791162985,52.24,24,8,5.5,-0.0767824991784915,43.9294280771656,-75.0321299950729
"166","131841477",585.118778280543,5.874696,6.7,2.2,4.25,-0.0621992333904727,43.9596626414896,-74.9365694798597
"167","131844847",530.01390176089,7.636551,7.56497407362799,3.64658652399999,2.45,-0.0445521150106265,43.7376051677393,-74.8713068369643
"168","131845926",376.232631578947,6.741307,10.4,4.4,4.35,-0.0184784614377551,43.6887997627622,-75.2876711099094
"169","131843825",501.248752079867,8.393403,5.5,2.5,1.1,-0.0338655039668083,43.8582160408201,-75.1034119817583
"170","131844431",586.17836593786,6.108082,17.1,9.2,6.4,-0.0229193915923436,43.765188347015,-74.7266355998731
"171","131846380",609.122523025398,25.43,9.54456143776366,3.35965805999999,5,-0.0175507795065641,43.5687659038952,-74.970153674411
"172","132859212",463.027412280702,6.337622,7.6,3.5,3.45,-0.0474920954023089,44.2530597340911,-74.66436504073
"173","135271406",500.066349206349,22.21,18.3,6.8,10.5571428571429,-0.091811002610804,44.3989522100115,-74.2872902794791
"174","135271545",509.144767173813,15.22,8.5,4.1,4,-0.0661926243040297,44.3796941795672,-74.3655125464586
"175","132437583",538.06343499942,63.97,10.1,4.2,3,-0.0731325674057007,43.8087158821998,-74.7014336390368
"176","135271558",496.117758784425,7.355664,15.2,4.5,2.4,-0.0493304122771536,44.3804361307965,-74.3839382133909
"177","135271577",464.070348304308,31.85,8.86607383610699,3.64302683999999,2,-0.0487508296020447,44.3953570228766,-74.5276571157139
"178","132435723",541.051632498102,47.54,7,2.1,2.5,-0.0573847672114005,44.0904070498218,-74.694199538912
"179","132435660",537.122286034459,52.43,20.7,7.9,3.5,-0.0427038462034294,44.053347968472,-74.4757204438436
"180","133099292",637.153443415223,17.68,15.8,5.3,7.6,-0.0897768378257751,43.9704729259716,-74.9437672850112
"181","132859676",378.14476744186,11.9,7.3,3.2,3.35,-0.0260423312584559,44.2567279694821,-75.0669873584133
"182","132435766",586.042952314166,41.26,12.8,5.9,8,-0.051353504260381,44.0691263731261,-74.6355311207367
"183","133098747",514.051557465091,6.426645,8.74305244065,2.95792238,3.5,-0.0561063289642334,44.1424563840551,-74.9677758283806
"184","133098867",536.99935483871,10.81,9.1,2.8,1.5,-0.0387226899464925,44.0881706778487,-74.8686011433821
"185","132437350",548.105945647676,54.01,9.1,6.4,3.5,-0.0476226195310935,43.8558524385892,-74.5635555041644
"186","135271280",496.0451843044,5.713905,6.1,2.9,2.35,-0.0479019832854368,44.4473211606094,-74.2901796103139
"187","133098897",515.144970414201,7.064311,6.1,2.7,5.9,-0.0306183099746704,44.0786712767264,-74.8580959888983
"188","132876507",502.549402823018,6.287607,10.4,4.6,3.1,-0.018350075930357,44.5828006268148,-74.0757673824372
"189","135271163",498.130864895421,24.51,8.8,2.7,2.35,-0.0573851158221562,44.474948769343,-74.2747912244736
"190","132434735",486.048698167792,74.07,7.6,2.6,1.3,-0.0460865718002121,44.1633597317409,-74.5835927790632
"191","135270977",424.043541364296,4.69882,6.1,3,1.3,-0.028873716990153,44.5568654829518,-74.4636806062988
"192","132434297",470.021623233792,195,15.2,2.1,2.9,-0.0521079036041543,44.2281325722305,-74.5405547303664
"193","135271524",482.12938230384,8.34398,11.6,6.5,4,-0.0436981220438023,44.3941159122076,-74.3916849973545
"194","133098714",521.133545310016,4.188055,7.6,2.4,3.5,0.040525421500206,44.1304883184028,-74.840905737964
"195","133098575",453.271986970684,12.6,5.2,2.7,1.85,-0.0234658638636271,44.1939203417674,-75.0015088846806
"196","133099034",538.084745762712,4.072684,7.6,2.7,1.2,-0.0627512522041798,44.0647711084176,-74.998010414711
"197","133098922",455.089201877934,5.888074,7.6,3.6,7.6,-0.0738596944581894,44.101869193517,-75.0683586957718
"198","133098846",533.17642698295,8.838763,15.8,4.8,3.61428571428571,-0.060709387395117,44.0923683397149,-74.8510040221678
"199","132435445",534.083032490975,20.01,20.1,8.1,2,-0.0461575566894478,44.0957234319939,-74.6515582540407
"200","135270597",455.13671875,5.259648,16.2,6.5,5.05,-0.0324221923947334,44.6789294636143,-74.3038302938734
"201","150679605",531.077632355635,361.7,22.5552,4.73465927999999,2.4,-0.043934447013519,43.900034960339,-74.5733568140279
"202","132437741",616.033105377681,47.39,17.7,7,2.5,-0.0620917863890427,43.7436521816345,-74.6536073861365
"203","132433915",525.474093264249,5.345549,5.5,3.3,5.25,-0.0317848597254072,44.2298043121494,-74.3378744179926
"204","132435332",541.747967479675,8.488802,7.6,2.6,3.85,-0.0324128099850246,44.0765847954323,-74.4101475782059
"205","132436073",522.571734475375,25.81,6.7,2,2.6,-0.0322988607638921,44.0159344277249,-74.4225845107331
"206","132437639",597.356764928193,47.71,21.3,10.9,7.5,-0.0458264274729622,43.8110799771606,-74.7985419692772
"207","132434857",537.172690763052,8.146605,9.1,2.3,0.6,-0.0239240818990165,44.1501438933807,-74.5891732494729
"208","132433617",458.005849722642,72.36,9.8,3.8,1.6,-0.0480248296404825,44.3781601348975,-74.6112543121879
"209","135270837",421.042940616932,52.99,11,4,1.8,-0.0448006223548542,44.6093418085664,-74.5337896679
"210","135271364",499.103565026887,35.76,20.7,8.6,5.35,-0.0501943667020117,44.4182630676237,-74.301378299851
"211","133099114",619.235982886737,32.24,15.2,4.5,7,-0.0780505500056527,44.0179836496206,-74.8879877865999
"212","133099143",541.087715269805,31.03,5.5,2,3.6,-0.0356311593736921,44.0277757251787,-74.9844146677297
"213","132434404",477.124396583736,119.3,23.2,10.2,7,-0.044377573511817,44.2101207827685,-74.5275932224778
"214","135271146",483.103538434722,39.83,11,3.5,1.35,-0.0468794211508736,44.4892061888552,-74.2996589741977
"215","132436890",631.328367223676,36.17,18.9,7.1,3.65,-0.0683057334687975,43.908046932751,-74.3708518573509
"216","135270577",457.112400290065,19.08,7.9,3.3,1.75,-0.0453996317727225,44.6922751520694,-74.3166981575728
"217","135271326",494.028887384338,31.32,13.7,6.2,3.3,-0.0510287010669708,44.4382933537875,-74.2936905742425
"218","132433964",684.512027491409,13.44,5.2,1.9,2.6,-0.0284105587978753,44.1844041227361,-74.0778256625355
"219","133099172",589.179144385027,5.171033,11.9,3.9,2.6,-0.0604351823980158,44.0158049001586,-74.9730190290889
"220","133099079",553.130517503805,18.48,7.6,2.6,2.8,-0.0521192994772219,44.0497096957121,-75.0119365388396
"221","132434537",506.004511715907,49.91,16.5,8.8,6.25,-0.0444908456196861,44.1874446153582,-74.6002751789793
"222","132858640",330.12467800103,13.27,9.8,2.2,2.8,-0.0288725852966308,44.4600239950668,-74.968933915494
"223","132435676",524.144879327927,305,12.2,3.4,2,-0.0494342719515165,44.0702849837336,-74.5848383727833
"224","133099060",598.855044699872,10.53,5.8,2.1,4.5,-0.0489573458830516,44.0358197772003,-74.8895493001016
"225","132433312",401.025887573964,9.484605,6.1,3.2,1.7,-0.0202993899583817,44.5371868784298,-74.771414307728
"226","135271509",487.186565017261,50.22,15.3,7,3,-0.0636461777088446,44.3935754864341,-74.3699277155023
"227","132433802",490.186711930165,14.2,8.2,3.6,4,-0.0564574907696436,44.2823097773715,-74.5011293917475
"228","132433733",494.18345323741,17.2,6.1,2.6,2.9,-0.0236349179194524,44.3034926567966,-74.4580913187842
"229","132435630",573.946117946542,16.26,17.4,5.7,4,-0.0667281226506309,44.0867924921112,-74.6506433764119
"230","132876387",462.075717144763,21.05,15.2,2.28246776,2.8,-0.0412844788460505,44.6479030303882,-74.0595906505762
"231","132434585",545.071304563492,58.94,32,11,8.55,-0.063778002674763,44.1552085267963,-74.4443996253344
"232","133098835",419.001986754967,10.59,7.6,2.6,1,-0.0557284156481425,44.1455563962919,-75.1564876521526
"233","133098403",308.001089324619,6.291263,7,3.6,0.7,-0.0515749408053113,44.2536078127597,-75.1106383381416
"234","133098794",332.154411764706,10.34,6.1,2.7,2,-0.0436290464703999,44.162903861752,-75.2017277841109
"235","133098755",517.094888178914,21.96,6.1,1.6,2.6,-0.0364804757492883,44.1214461021051,-74.8434651691883
"236","133098938",406.040482146918,31.79,12.2,4.2,2.5,-0.0420667515860663,44.118385509225,-75.1741548095269
"237","133099414",411.226199842644,18.29,7.6,4.2,1,-0.0441235337406397,43.9859147956225,-75.1901227388469
"238","133099411",625.147910678753,32.26,29,7.3,6.3,-0.0955240825812022,43.9581948494862,-75.0025230273758
"239","135271591",500.133081719724,43.44,6.4,4.2,2.4,-0.036667307407137,44.364697533238,-74.4477194519582
"240","132434562",513.06735811677,62.35,15.2,6.6,3.2,-0.0574895130170809,44.1784819553542,-74.6086318428318
"241","132859071",417.317237163814,11.14,5.5,1.7,1.6,-0.0520926177501678,44.3271451049539,-74.9441272885552
"242","133098422",257.055428426138,27.38,12.2,3.8,2.15,-0.0301126797993978,44.2600864759437,-75.1882215131443
"243","133099188",639.013850415512,7.521836,6.7,2.1,2.85,-0.0471770303944747,44.0047755472066,-74.9422424469744
"244","133099204",549.191495870297,23.3,5.2,2.6,1.9,-0.0706184639650232,44.0120440198704,-75.0147842869609
"245","133098497",411.025665977375,58.43,20.1,6.4,2.1,-0.0478093385696411,44.2099207411461,-75.0291538541784
"246","132437546",551.001776900296,113,9.1,3.4,2.15,-0.0512706186961044,43.8183578363937,-74.7360473754432
"247","132433901",478.041443850267,66.19,9.1,4.6,2.2,-0.0485316427854391,44.2534054944152,-74.4792151064014
"248","132876478",476.158052884615,36.13,9.1,4.6,4.3,-0.0477472808625963,44.6230956933575,-74.1947552378841
"249","132435247",515.24196326062,24.71,7,3.3,4.2,-0.0334983147107639,44.0823519621391,-74.362379911682
"250","132437679",580.993841579953,69.82,22.9,10.5,2.8,-0.0813080042600632,43.7679457274613,-74.619278728791
"251","133099048",565.078125,4.29947,6.7,2.1,2.2,-0.0317432185014089,44.0423512459139,-74.9016393284973
"252","133099416",411.238335738336,60.47,18.3,9.4,1.45,-0.0323010429188057,43.9831084115024,-75.1947135599873
"253","132435590",542.064185728918,63.31,25.3,6.8,7,-0.0511843579471427,44.0954359228973,-74.6403899261063
"254","132435441",541.435737047091,62.06,6.7,3.9,3.05,-0.0495015583706625,44.0565479737754,-74.454094608126
"255","132437336",546.018320459497,73.09,9.4,4.8,6.3,-0.0674021040206348,43.8469883932894,-74.4795677888363
"256","132436386",558.893097128894,10.77,12.5,5.7,5,-0.0311595213909944,44.0425129865357,-74.7025390853161
"257","135271058",475.095060577819,7.385051,6.1,2.1,2.9,-0.0358096139519303,44.5064597915156,-74.2926634786545
"258","132858738",309.145725760184,12.2,12.2,5.1,3,-0.0189539046514602,44.4364507709813,-75.0208830250693
"259","133099428",417.346650998825,5.938814,12.5,5.6,1.35,-0.0434392225174676,43.9877471796324,-75.2234358748089
"260","132434439",657.076205287714,22.75,22.9,7.9,7,-0.0936426050448544,44.1364142126928,-74.0949568403908
"261","133098735",606.118115942029,9.66636,18.9,7.1,7.6,-0.0250863894438132,44.1102871544344,-74.7509978727908
"262","133099361",410.271649954421,7.638629,10.1,4.4,1.25,-0.0361122782268221,43.995888022706,-75.1966324468095
"263","132435261",638.052334530528,13.9,16.8,5.5,11,-0.0425158727402779,44.1360390717568,-74.7102464735513
"264","133098839",529.0368,8.744707,10.1,2.8,6.9,-0.038383890712072,44.0957973494423,-74.8625359012122
"265","135271121",481.112384069831,12.69,7.6,3.3,4.35,-0.0322393473651674,44.4940580963729,-74.3056116744856
"266","133098759",525,6.507508,6.1,3.4,1.1,-0.0221747551478592,44.1124224592513,-74.7991747940756
"267","133098701",446.115473441109,6.043161,5.2,2.6,1.1,-0.0336927711963653,44.1560805262924,-74.9839824523175
"268","133098530",544.087934560327,10.15,14.3,3.6,3.3,-0.0516888690846307,44.154197916178,-74.7228961211134
"269","133099349",626.043140028289,9.962358,10.7,4.5,2.4,-0.0737024104153669,43.9656704043634,-74.9821578404385
"270","133099287",544.026509572901,4.542934,6.7,1.9,1.4,-0.0559670769032978,43.9954875167837,-75.0664467261576
"271","132437616",538.144240747146,21.12,8.2,3.6,1.65,-0.0377814690272014,43.8001149142935,-74.7098059450345
"272","133098728",518.342383107089,4.451739,12.2,3.8,2.6,-0.0233268560944023,44.1178720998297,-74.7785468786868
"273","133099423",628.042477876106,12.31,12.2,2.9,5,-0.0572385948437911,43.953042495591,-75.0033273484209
"274","133098787",312.121454545455,9.526089,6.4,2.9,1,-0.00816430222420464,44.1682928803992,-75.2207938440486
"275","133098754",520.051664753157,6.098969,19.2,6.3,2.6,-0.0199324480124882,44.1227100482286,-74.8517534764898
"276","133099274",606.303983228512,6.655298,6.1,2.2,4.3,-0.0546107848485311,43.9912355957169,-75.0253648555389
"277","133099142",534.177514792899,31.62,8.2,3.6,4,-0.062246683949516,44.0034481705713,-74.832454093363
"278","132436205",581.014893617021,9.951249,6.1,3.8,5,-0.0343302885691325,44.0465201361873,-74.6834738295696
"279","133099135",622.074074074074,6.228859,6.1,2.4,1.8,-0.0019016010420663,44.0163448670959,-74.8981333888967
"280","133098836",533.032934131737,4.72199,7.9,2.6,1.9,-0.0511722241838773,44.100051061162,-74.8805259671647
"281","135271593",516.17696969697,5.731437,16.2,7.7,6,-0.0180617935955525,44.359518901461,-74.4292785921794
"282","132434053",485.363414634146,5.742363,5.2,3.2,4.5,-0.00537698632194884,44.2151006638028,-74.3277206908263
"283","132435369",606.045135406219,94.68,46.6,15.4,7.5,-0.0552145803258532,44.1245530503294,-74.7144002350813
"284","132436138",543.193891102258,5.140584,13.7,3.1,3.7,-0.0365378370991459,44.0788687352613,-74.8503938137985
"285","132434280",486.162320730117,10.78,11,3.7,4.2875,-0.0428678464558389,44.1898380329386,-74.3056943759493
"286","132436973",537.100909667865,174.8,16.5,4.8,4,-0.062772773636712,43.914040898943,-74.4529179916097
"287","132436834",547.457223796034,12.54,10.4563820406803,3.65501113999999,2.5,-0.0299892830543029,43.9558119710906,-74.6012581355056
"288","135271596",471.315789473684,8.319071,9.4,5.1,3.4,-0.00738536318143209,44.3639628895792,-74.4827433955831
"289","132859321",463.026548672566,11.88,13.7,5.4,5.95,-0.00845888853073122,44.2327792819854,-74.6627142022687
"290","132859023",364.187992125984,6.949301,6.7,3.4,4.15,-0.0339687466621399,44.3438746692002,-74.9994236714732
"291","135271259",404.12342079689,7.024943,13.4,5.6,3.3,-0.0352879142059999,44.5197346064579,-74.6932247027297
"292","135271249",435.157380254154,7.111267,11.9,3.6,2.1,-0.0309594192675182,44.5107903421902,-74.6039149877016
"293","132876535",528.059904830194,111.4,15.2,3.5,1.7,-0.0455581375244089,44.7194978104329,-74.0692405951582
"294","133098746",424.092405063291,10.78,5.8,1.7,2.5,-0.0558784831137884,44.1696445555704,-75.1398958110527
"295","133099236",592.054721977052,8.037075,9.1,2.2,2.8,-0.0671131332715351,43.9939426431417,-74.9979628909392
"296","132437632",597.745608327912,10.68,21.3,10.9,7.5,-0.0220261125853568,43.8135301013099,-74.8030070746226
"297","133099447",413.152032520325,8.400201,17.4,4.9,2.55,-0.032596195185626,43.977845128072,-75.2275574508161
"298","132437656",633.373952779893,8.60323,5.5,1.8,3.1,-0.0465950146317482,43.8062660498321,-74.8126587636737
"299","132436539",499.132352941176,15.22,5.2,1.7,1.6,-0.0351443407582302,43.9702464561763,-74.4234836172215
"300","133098674",413.075208913649,15.04,7.3,4,5.6,-0.0279865205287933,44.1723689896784,-75.0438847840867
"301","133099242",622.058589870904,7.114647,5.5,1.8,3,-0.0628045482767953,43.9862204284273,-74.9637835352686
"302","132435699",545.059308072488,12.84,9.4,4.6,3.9,0.00306948744333707,44.0945749900793,-74.7485081540031
"303","133099339",410.513060620996,14.44,12.2,5.7,1.25,-0.0440312709127154,44.0002241583237,-75.1915101440997
"304","167248189",334.326299924642,9.066173,6.1,2.3,1.3,-0.0427225000328487,44.1560046809043,-75.1947191494593
"305","133098740",543.065921787709,6.348626,7.6,3.1,4.7,-0.00195825213477718,44.1124639732923,-74.7649661429374
"306","132436714",562.059151785714,6.290322,7.6,3.2,4.1,-0.0287999911741778,43.9432939483383,-74.505527400818
"307","132434295",495.50956937799,5.707902,16.2,5.5,2.9,-0.0379223595430821,44.2091403170266,-74.4238856638136
"308","132433263",385.046586345382,26.97,5.8,3,3.4,-0.0385023758008882,44.5424008094263,-74.7285007110582
"309","135271019",474.225744476465,7.239785,7,3.2,2.6,-0.0164556922735991,44.5161263165886,-74.2905701089395
"310","135271551",495.073856975381,5.933559,5.8,3.4,2.3,-0.0452831443813112,44.3832280786808,-74.3869722111447
"311","132859638",432.048766657216,25.27,8.5,3.6,2.5,-0.0321185952141171,44.2505446829738,-74.9530471895099
"312","132433474",381.050743265899,255.5,12.192,4.01548743999999,3,-0.0539056536224153,44.4815096367636,-74.756072323165
"313","133098385",456.038419319429,6.230513,7.6,3.4,0.7,-0.0378033796946207,44.2222940844929,-74.8703381296169
"314","133099430",573.132893496701,7.372754,9.8,3.6,3,-0.0507498139684851,43.9626503173991,-75.0654745929749
"315","132435297",612.084745762712,6.146309,5.2,2.6,4.2,-0.0242491959789653,44.1302956364476,-74.704742082986
"316","133098950",411.044851258581,15.46,7.6,3,5.5,-0.0476360497536597,44.1086786646698,-75.1564925535793
"317","132435375",525.019326519916,107.4,10.1,3.8,2.3,-0.0262754504327421,44.1145829071081,-74.6555756622477
"318","135271518",492.085211267606,9.994086,15.8,5.6,2,-0.0647625192006429,44.387629413826,-74.340565980947
"319","132437025",748.99856527977,4.81178,12.8,4.8,4.8,-0.0445641311151641,43.9296843799254,-74.6616699725815
"320","133099386",421.290739411342,9.918749,9.8,4.3,4.05,-0.0732893059651057,43.9974229101876,-75.2258131350652
"321","135271176",396.037993180711,14.44,7,3.2,1.6,-0.0150502403577168,44.556573902988,-74.7743609289003
"322","132435409",580.023279875841,13.78,9.8,4.7,7.1,-0.0365252666589286,44.1162748825826,-74.7310113588614
"323","135271141",476.008207934337,10.19,6.7,3,1.8,-0.0439590588212013,44.5153813472026,-74.4546529801269
"324","132859199",444.02436440678,6.474963,5.2,2.1,0.6,-0.0166808048884074,44.2851312718853,-74.8378020538297
"325","135271335",493.978996318543,185.5,9.4,4.8,3.7,-0.0287326256434123,44.4293032315887,-74.2603330133197
"326","132859624",409.0516,17.48,11,3.2,2.8,-0.0589730050828722,44.2732963033871,-75.0612503342764
"327","132435310",547.211849957374,16.47,6.1,2.9,4,-0.0369195762193865,44.076917165103,-74.3790530836291
"328","132859339",463.056508999581,17.32,15.2,6.8,6.8,-0.030574941046444,44.2294970607199,-74.6677989634464
"329","132436166",542.083509513742,6.632654,9.4,3.7,4.3,-0.0321910481982761,44.0757633788074,-74.8448625113351
"330","135271515",486.418975069252,10.24,9.1,4.4,3.8,-0.0521819025886302,44.393696742014,-74.3806325565696
"331","132858821",308.210526315789,7.522739,12.8,4.8,1.4,-0.0288418437595721,44.4133290697193,-75.0410935509354
"332","133099203",547.01369528002,29.62,9.1,5,3,-0.0475595626566145,44.0119257538753,-75.0076943637478
"333","133098781",396.032456140351,7.815825,6.1,1.5,2.3,-0.031742458542188,44.1591312593744,-75.1607554031303
"334","133099177",484.192737430168,4.599567,5.2,1.8,1.1,0.00176709791024526,44.037621327273,-75.1120105173178
"335","135271531",488.130892255892,16.56,12.5,5.7,2.8,-0.0454029206718718,44.3909364246058,-74.380851603004
"336","132435606",545.047521716914,13.69,6.7,3.2,5.1,-0.0496857162505861,44.0983008835901,-74.7356620207568
"337","132859003",467.058309037901,17.28,5.5,2,1.85,-0.0616303284962972,44.291694664708,-74.6652325412525
"338","135271498",493.104825291181,8.474867,9.4,5.5,6.55,-0.0216802950258608,44.3824778575945,-74.2981343779585
"339","132435343",575.0592760181,15.6,5.2,2.7,3.5,-0.0315743803977966,44.0666040138221,-74.3886235986632
"340","133098723",442.061542223671,87.35,19.8,6.3,6.75,-0.0246637860933938,44.1572556783605,-75.0451442579192
"341","132436002",532.371006502686,103.8,15.8,4.6,3.95,-0.0321875641889432,44.0327091727163,-74.4759385065623
"342","132435897",543.38846737481,4.505436,9.1,2.6,4,-0.0434908777220636,44.0602184857744,-74.6453220906118
"343","132433284",397.05308056872,7.377699,7.9,3.3,1.7,-0.0460056377781762,44.5488051310081,-74.7918963110532
"344","133099032",346.07171314741,15.96,10.1,6,5,-0.0364551545092554,44.1007180329741,-75.2341807707962
"345","133098898",454.014503816794,28.56,5.2,3,1.3,-0.056696628515537,44.1074340822101,-75.0716748617523
"346","132435828",523.328078417201,162.5,13.7,3.8,4.3,-0.0641349294355938,44.0333539725478,-74.414804243316
"347","133098391",299.001069518717,6.306744,9.4,4,2.75,-0.051634409124889,44.2630505614965,-75.1280913422252
"348","133098401",434.117943548387,7.024471,8.8,4.5,2,-0.0395425001780192,44.2266454691012,-74.945181882972
"349","132435346",559.015287769784,16.03,10.1,5.6,6.4,-0.013427413172192,44.0724124960233,-74.4060145483888
"350","132876323",453.174922600619,4.38813,8.5,3.8,4.3,-0.033057838194556,44.6852808249586,-74.1094975001165
"351","132433397",464.032467532468,4.263965,8.8,2,2.65,-0.0332623203595479,44.4947276048292,-74.7973047019269
"352","132436012",566.296998420221,4.431182,12.2,4.7,3.4,-0.0493973139921824,44.0359228249919,-74.5374150067773
"353","132859255",465.026655202064,7.876298,15.2,5.9,3.2,-0.0266546381844415,44.243161300952,-74.6567643036543
"354","167248139",434.007056350716,289.8,10.4,5.4,3.3,-0.0372409572203954,44.2171088525469,-74.9588170264411
"355","135270958",420.071215445371,165.4,16.2,7.2,4.8,-0.0357849818688852,44.5951729045057,-74.6082426835248
"356","132436448",533.104922923918,29.55,9.1,4.2,3.5,-0.0604418491323789,44.0404175002022,-74.7633046719781
"357","133098527",561.128640776699,8.615433,9.1,3.2,6,-0.0390712911174411,44.1595795477529,-74.7596303469733
"358","132434058",472.258870150217,77.68,12.5,3.8,3.5,-0.0319000681241355,44.220714378935,-74.3079331931675
"359","132859654",452.14447592068,48.65,6.1,3.7,2.2,-0.0321985040392194,44.2268914465601,-74.8265603059476
"360","132435716",568.076313181368,7.055615,8.2,3.3,2.3,-0.0584580311269471,44.0787520164915,-74.6549813271279
"361","132437276",554.147323600973,59.06,7.6,2.6,2.5,-0.0480932786609187,43.8665601705453,-74.5373406138739
"362","133099412",607.178974804518,7.940182,11.6,3.4,5,-0.0561007117468213,43.9634376129312,-75.0426016232359
"363","129691051",481,4.063369,6.4,4.1,2.2875,-0.031193453615362,44.3132548922962,-74.3716667233964
"364","92083305",383.135902636917,6.969724,9.1,4.6,6.5,0.0118923468467517,43.8851229609262,-73.4991719071925
"365","129690808",519.12638121547,10.1,11.5,5.8,2.8,-0.0617683297023177,44.5136899862378,-74.1265848648104
"366","129691017",484.059226112135,27.06,10.1,4.8,3.5,-0.016559959877105,44.3395022938792,-74.4186509987634
"367","129690949",493.611605385403,187.1,24.4,8.1,6.6,-0.0472661978159195,44.3527668095096,-74.3501925726524
"368","52532659",255.055012403327,50.12,22.9,6.8,6.85,-0.0049251293649479,43.4675973760549,-73.5560156727607
"369","115353767",517.081458494957,9.132679,9.4,3.7,4,-0.0391954481601715,44.3217700170709,-73.9010295122621
"370","129690823",509.061209218797,45.23,17.7,4.6,2.15,-0.0278421035519352,44.4984606666569,-74.1307625148701
"371","115353773",513.021920668058,6.654486,6.1,2.1,2,-0.0351137989097171,44.3179769710111,-73.9283394091957
"372","52532673",381.638841567291,4.053764,14.9,5.4,4.4,0.0180767666209828,43.4658452756782,-73.6021482051176
"373","52533243",396.184090909091,9.306988,6.1,2,2.55,-0.00722110271453857,43.3551017011779,-73.7573731849144
"374","92083355",432.1125,10.32,18.3,8.8,8.31,-0.0144523312805821,43.8396698954042,-73.593651331053
"375","92083023",470.100654664484,34.63,8.5,2.1,2.7,-0.0229114033281803,44.1575594847842,-73.5166090487937
"376","129691069",479.042846128428,65.22,6.7,3.6,3,-0.0536300821436776,44.3013567940255,-74.3546698226651
"377","129691047",479.044303797468,10.03,5.8,2.7,3.0875,-0.0547095326085885,44.3140188990241,-74.3761142692486
"378","115353493",329.190889370933,9.394026,8.5,2.9,2.4,-0.0586814454623631,44.5483035565754,-73.7210475632494
"379","129691035",467.056271029122,61.02,6.1,1.6,2.3,-0.0478859864748441,44.2877190040466,-74.1845028917629
"380","129690930",487.017843289372,151.1,23.5,10.8,4.85,-0.02107682682219,44.364240333956,-74.2885429424396
"381","129690967",507.154287901991,18.34,14.9,6.2,6,-0.0430906626913283,44.3634163259345,-74.423192540656
"382","129690961",486.152298850575,4.877084,11,5.4,6,-0.0200995368262132,44.3461022982243,-74.3007115691278
"383","92083835",226.542461005199,8.042352,7.6,3.2,5.1,0.0390192303392622,43.3837216275266,-73.762750503979
"384","129690933",478.052145214521,10.76,5.2,2.6,3.75,-0.0153086825653359,44.3290751886371,-74.1181141996741
"385","92083129",526.19864750634,8.455814,11,4.1,5.7125,-0.00483850141366323,44.1248310613034,-73.7332032648125
"386","52532837",137.157796451914,23.55,7.9,3,5.25,0.0288652130681225,43.4328559916744,-73.5598992661126
"387","92082965",328.068376068376,11.66,8.5,4.3,5.8,-0.00700140567052933,44.1840610871871,-73.5740360148589
"388","92083379",511.068673050616,25.49,5.8,2,2.2,-0.0149290561676025,43.8119056649722,-73.5825834828176
"389","129690868",446.01823489423,181.6,6.1,3.2,1.7,-0.0205205390670083,44.4213315571439,-73.9892926254135
"390","115353585",424.013937354174,358,24.584148422886,9.54265248,5.5,-0.0959698266926266,44.4855283793745,-73.8562191170702
"391","129690952",493.024252491694,21.21,7,3.8,3.5,-0.0398916900157928,44.3640267880304,-74.3790349093633
"392","129690817",509.026305917659,153.9,27.7,6.2,2.3,-0.070777666388136,44.5177594632829,-74.114233815912
"393","115353991",607.014108284095,60.47,14.6,4.4,3,-0.0888837447533241,44.0778231337842,-73.8727640520058
"394","129690983",481.014364640884,26.13,18.3,9.4,2.5,0.0108193807112865,44.3397526986372,-74.3375116088391
"395","129690821",514.02830856334,9.801438,11.3,4.5,3.7,-0.035216128069257,44.4970807779456,-74.1199377273711
"396","92083525",356.33729216152,5.964522,5.8,2.9,4.7,-0.000873994827270508,43.6498184710994,-73.6334364980206
"397","129691025",485.181721572795,27.22,11.6,5.5,4.8,-0.0526329983794499,44.3381966899057,-74.4298106287742
"398","129691154",479.02892597347,85.73,16.8,7.7,2.3,-0.0322799468651796,44.3036158319287,-74.3696801533915
"399","129691013",481.055239642567,17.7,10.1,5.2,2.7,-0.0530981226099862,44.3143725436271,-74.2672914049991
"400","129691063",482.06955922865,10.13,13.4,6.2,4,-0.0428439778310281,44.3074238947633,-74.381730056477
"401","129690946",493.216090768437,13.75,8.8,3.7,2.1,-0.0149463067452113,44.3545853165838,-74.3127578687873
"402","129690773",503.318557016203,22.2,5.5,1.8,2.3,-0.0117042122239416,44.5349865011501,-74.0935356268799
"403","129690752",425.009612963768,324.9,22.1799343928743,9.56801343999999,6,-0.0747498136942459,44.5057264145557,-73.8767697473424
"404","52532733",279.127956081081,16.92,23.5,7.9,7.85,0.00901960498756834,43.4553556966191,-73.5894491037459
"405","92083363",474.531233866804,13.9,10.4,5.2,4.6,0.00787960663437842,43.8241720667654,-73.5425680960921
"406","92083299",338.376,4.281855,6.1,4.3,5,0.0205230857386733,43.9010213667731,-73.4646734194084
"407","92081957",311.526211671612,7.022345,13.7,5.6,3.5,0.00180223397910595,44.3828015988827,-73.5948342014624
"408","92083071",480.50490425035,14.41,10.4,2.7,2.5,-0.00738668772909376,44.1304713556161,-73.5096832646422
"409","129690936",488.110432445639,29.78,12.2,5.6,3.7,0.0154693296977452,44.3575713844672,-74.2995549194018
"410","92083265",337.856156501726,5.992984,6.4,1.3,2.9,-0.0238017443248204,43.9943651373734,-73.545223472275
"411","129690953",510.295042321644,5.682186,6.7,3.1,5.9,-0.0191328446070353,44.3698722695906,-74.4093487813701
"412","129691032",481.065270188221,23.6,9.8,4.9,3,-0.0504117020538875,44.3301933331848,-74.4196061534352
"413","52532909",138.207529766896,88.02,13.1,5,5.4,0.00426421349956874,43.4235355093093,-73.5722848100225
"414","115353949",659.128109452736,11.51,16.8,5.1,4.66666666666667,-0.0810126097515376,44.1826134133999,-73.9689310471469
"415","115353781",505.083632523759,34.26,15.2,5.3,3.2,-0.0781650372913905,44.3123646264554,-73.9322405128614
"416","115353619",255.052452025586,16.51,6.24737890046366,2.66738352,2.25,-0.0354417363802592,44.4327664854588,-73.4710163477447
"417","115353633",296.03371783496,7.872603,7.6,3.2,1.9,-0.0196722189585368,44.4143384698884,-73.7195281562237
"418","92083167",185.191588785047,5.92215,5.2,2.4,2.2,0.00610362267007633,44.0636706450307,-73.4857798120144
"419","129691002",466.004294321241,114.3,13.1,7.2,4.9,-0.0443719202002283,44.2944842901423,-74.1581050226377
"420","129690948",493.093425605536,28.75,10,3.1,3.6,-0.0494948866145681,44.3616316515214,-74.3634457161913
"421","129691068",476.023894436519,20.27,19.8,7.9,7,-0.0638849144180616,44.2648905954407,-74.1438709365388
"422","150563205",468.028224911552,572.6,17.1,7.15052573999999,4.35,-0.0551346770039311,44.260935627304,-74.2663013642778
"423","92083545",292.009570552147,29.67,14,6.5,4.3,0.0248136504904016,43.6020955588171,-73.4599110789596
"424","129691074",468.036171063149,71.74,6.4,2.9,3,-0.0589940662737246,44.2835638089993,-74.2804893977172
"425","115353625",204.012165178571,65.78,5.62263292712567,3.49590088,3.5,-0.0255406598250071,44.4295989723035,-73.4968186018367
"426","92083499",375.205326460481,8.273869,28,7.4,4.3,0.0117846065097384,43.6991646265125,-73.6427239397191
"427","92083663",317.595179537629,14.71,12.5,5.3,3.8,-0.018303761115441,43.5775422411352,-73.6882633492894
"428","92083269",328.16265060241,17.08,14,2.8,2.25,0.017295241355896,43.9895051852248,-73.5383671935819
"429","129690964",493.157363420428,12.03,18.3,7.8,5.25,-0.0335601144366794,44.3499774871741,-74.3347711153599
"430","129690910",497.041095890411,4.571273,5.2,2.8,3,-0.040788512963515,44.3785063629029,-74.2626338296729
"431","92083231",459.192584963955,6.616117,13.7,5.8,5.81428571428571,-0.00566444794336955,44.0420413561981,-73.6039301070274
"432","92083457",400.082780643577,59.32,22.9,5.8,5.2,0.00317527629711008,43.7040658997765,-73.538435104931
"433","129691003",486.056949322629,86.54,24.4,7,4.96666666666667,-0.0569096000106247,44.3340053405727,-74.3557720906319
"434","92083509",406.374957000344,40.6,7.6,1.6,1.6,-0.0191555301348368,43.6837248951543,-73.6567525277614
"435","129691060",481.059012875536,47.44,6.1,3.8,4.6,-0.0435285437852144,44.3077697634836,-74.3921623716404
"436","129690895",472.214223002634,65.98,21.3,8.7,5,-0.0590175401705962,44.3718925548827,-74.0627533725775
"437","115353987",599.069888565891,58.18,6.1,2.9,2.8,-0.0544662608040704,44.1060062907049,-73.8342623131884
"438","115353741",550.26724137931,9.760873,23.8,9.9,6.1,-0.0451078315575918,44.3303432572878,-73.8995087972818
"439","115353909",620.109354413702,10.63,19.2,11.8,5.1,-0.0112608638074663,44.2235740181484,-73.878278123587
"440","92083103",459.084165477889,30.13,10.7,4,2.5,-0.0311456683372695,44.1140492275193,-73.5486213572133
"441","92083377",450.017484868864,10.23,10.1,4.8,6.5,-0.0460856162924372,43.8209223994296,-73.5953342437429
"442","92083515",399.230283911672,15.08,11.6,3.7,3,0.0358284803537222,43.6802646322907,-73.6490629420783
"443","129690928",506.024473450015,99.04,16.2,6.9,6,-0.0339169463355503,44.3291177069946,-74.0832750243702
